Name,Math,Science,English,Total,Percentage
Neesha,78,85,80,243,81.0
Sristi,90,95,89,274,91.33333333333333
Riya,67,70,72,209,69.66666666666667
Pinki,88,92,91,271,90.33333333333333
Nilam,76,80,75,231,77.0
Niraj,67,85,82,234,78.0
Dhan,80,90,88,258,86.0
Sita,85,95,90,270,90.0
Gita,92,98,94,284,94.66666666666667
Ramesh,70,82,78,230,76.66666666666667
